career_title,category,description,required_skills,average_salary_ugx_monthly,salary_range_ugx,growth_rate,top_employers_uganda,education_required,experience_years,remote_possible
Software Developer,Technology,"Designs builds and maintains software applications and systems. One of the fastest growing careers in Uganda with Kampala becoming a tech hub.","Python,JavaScript,React,Node.js,Git,Problem Solving,Databases","3500000","2000000-6000000",High,"Andela,Makerere University,MTN Uganda,Stanbic Bank,NITA-U,Safeboda,Umeme,Cipla,Fenix International",BSc Computer Science or related,0-2,Yes
Data Analyst,Technology,"Collects cleans and interprets data to help organisations make better decisions. High demand in banking telecom and NGOs in Uganda.","Excel,SQL,Python,Tableau,Power BI,Statistics,Data Visualization","2800000","1800000-5000000",High,"Stanbic Bank,DFCU Bank,MTN Uganda,Airtel Uganda,UBOS,World Bank Uganda,UNICEF Uganda",BSc Statistics Mathematics or Computer Science,0-2,Yes
UX/UI Designer,Technology,"Creates user interfaces and experiences for websites and mobile apps. Growing demand as Ugandan businesses go digital.","Figma,Adobe XD,User Research,Wireframing,Prototyping,CSS,Design Thinking","2500000","1500000-4500000",High,"Andela,Safeboda,Jumia Uganda,MTN Uganda,local design agencies",BSc Design or HCI or self-taught with portfolio,0-2,Yes
Digital Marketer,Business,"Plans and executes online marketing campaigns using social media SEO email and paid advertising. Every Ugandan business now needs this.","Social Media,SEO,Google Ads,Content Creation,Analytics,Copywriting,Email Marketing","2000000","1200000-4000000",High,"Jumia Uganda,MTN Uganda,Airtel Uganda,banks,NGOs,media houses",Bachelors in Marketing or Communications,0-2,Yes
Accountant,Finance,"Manages financial records prepares reports ensures compliance with tax laws. Stable career with demand across all sectors in Uganda.","Accounting,QuickBooks,Taxation,Financial Reporting,Auditing,Excel,URA regulations","2500000","1500000-5000000",Medium,"KPMG Uganda,Deloitte Uganda,PwC Uganda,Stanbic Bank,government ministries,NGOs",BCom Accounting or CPA qualification,0-2,No
Nurse,Healthcare,"Provides patient care administers medication and supports doctors. Critical profession with government and private hospital demand across Uganda.","Patient Care,Clinical Skills,Medical Knowledge,Empathy,Emergency Response,Documentation","1800000","1200000-3500000",High,"Mulago Hospital,Mengo Hospital,Case Hospital,Aga Khan Hospital,government health centres",Bachelor of Nursing Science,0-2,No
Teacher/Educator,Education,"Educates students at primary secondary or tertiary level. Backbone of Uganda's development with demand in schools across all districts.","Subject Knowledge,Communication,Classroom Management,Lesson Planning,Assessment,Patience","1200000","800000-2500000",Medium,"Government schools,private schools,Makerere University,international schools,UNEB",Bachelor of Education or subject degree with PGDE,0-2,No
Business Analyst,Business,"Bridges gap between business needs and technology solutions. Analyses processes identifies improvements and manages stakeholder requirements.","Requirements Gathering,Process Mapping,SQL,Excel,Communication,Problem Solving,Agile","3000000","2000000-5500000",High,"Stanbic Bank,MTN Uganda,DFCU Bank,consulting firms,NGOs","Bachelors in Business,IT or related",1-3,Yes
Project Manager,Management,"Plans executes and closes projects on time within budget. High demand in construction NGOs telecom and tech sectors in Uganda.","Project Planning,Risk Management,Stakeholder Communication,MS Project,Agile,Scrum,Budgeting","3500000","2500000-7000000",High,"World Bank Uganda,USAID,NGOs,MTN Uganda,construction firms,government",Bachelors plus PMP or Prince2 certification,2-5,Yes
Civil Engineer,Engineering,"Designs and oversees construction of roads bridges buildings and infrastructure. Booming sector with Uganda's ongoing infrastructure development.","AutoCAD,Structural Analysis,Construction Management,Mathematics,Project Management,Site Supervision","3000000","2000000-6000000",High,"Uganda National Roads Authority,Ministry of Works,construction companies,consultancies",BSc Civil Engineering,0-2,No
Agricultural Scientist,Agriculture,"Researches and advises on crop production animal husbandry soil management. Essential for Uganda's agriculture-based economy.","Crop Science,Soil Analysis,Research,Extension Services,Data Collection,Report Writing","1800000","1200000-3500000",Medium,"Ministry of Agriculture,NARO,FAO Uganda,NGOs,agricultural companies",BSc Agriculture or related,0-2,No
Lawyer/Advocate,Law,"Provides legal advice represents clients in court drafts contracts. Growing demand in corporate banking and human rights law in Uganda.","Legal Research,Contract Drafting,Litigation,Communication,Critical Thinking,Client Management","3000000","1500000-8000000",Medium,"law firms,corporate legal departments,government,NGOs,FIDA Uganda",LLB plus Bar Course (Law Development Centre),2-5,No
Graphic Designer,Creative,"Creates visual content for print and digital media. Freelance opportunities are abundant with Uganda's growing advertising and media industry.","Adobe Photoshop,Illustrator,InDesign,Canva,Typography,Brand Identity,Creativity","1800000","1000000-4000000",Medium,"advertising agencies,media houses,NGOs,corporate companies,freelance",Bachelors in Fine Art Design or self-taught,0-2,Yes
Network Engineer,Technology,"Installs configures and maintains computer networks. Critical role as Uganda's internet infrastructure rapidly expands.","Cisco networking,Network Security,TCP/IP,Firewalls,VPN,Troubleshooting,CCNA","3000000","2000000-5500000",High,"MTN Uganda,Airtel Uganda,NITA-U,Roke Telkom,banks,large corporations",BSc IT or Computer Science plus CCNA,1-3,No
Human Resources Manager,Management,"Manages recruitment training performance and employee relations. Every growing organisation in Uganda needs HR professionals.","Recruitment,Labour Law Uganda,Performance Management,Training,Payroll,Communication,HRIS","2500000","1500000-5000000",Medium,"banks,NGOs,telecom companies,manufacturing,government",Bachelors in HRM or related,2-4,No
Pharmacist,Healthcare,"Dispenses medication provides drug information and ensures safe medication use. Growing demand with Uganda's expanding healthcare sector.","Pharmacology,Drug Dispensing,Patient Counselling,Inventory Management,Regulation Compliance","2500000","1800000-4500000",High,"NDA Uganda,hospitals,pharmacies,pharmaceutical companies",Bachelor of Pharmacy (BPharm),0-2,No
Journalist/Media,Creative,"Reports news creates content for print broadcast and digital media. Evolving career with social media creating new opportunities.","Writing,Research,Interviewing,Video Production,Social Media,Storytelling,Ethics","1500000","800000-3500000",Medium,"NBS TV,NTV Uganda,Daily Monitor,New Vision,online media,NGOs,freelance",Bachelors in Mass Communication or Journalism,0-2,Yes
Financial Analyst,Finance,"Analyses financial data prepares investment reports and supports financial decision making in companies and banks.","Financial Modeling,Excel,Financial Reporting,Valuation,Investment Analysis,CFA knowledge","3500000","2500000-6000000",High,"Stanbic Bank,DFCU Bank,Centenary Bank,investment firms,NGOs","BCom Finance or Economics,CFA beneficial",1-3,Yes
Cybersecurity Analyst,Technology,"Protects organisations computer systems and networks from cyber threats. Fast growing field as Uganda digitalises rapidly.","Network Security,Ethical Hacking,SIEM tools,Incident Response,Risk Assessment,CEH/CISSP","4000000","2500000-7000000",Very High,"NITA-U,banks,telecom companies,government,large corporations",BSc Computer Science plus security certifications,1-3,Yes
Social Worker,Social,"Supports vulnerable individuals families and communities. High demand in NGO sector and government social protection programmes.","Counselling,Community Development,Report Writing,Empathy,Case Management,Advocacy","1500000","1000000-2800000",Medium,"UNICEF,World Vision,government social services,local NGOs,Probation offices",Bachelor of Social Work,0-2,No
